station_id,num_bikes_available,num_bikes_disabled,is_charging_station,status,traffic,num_docks_available,num_docks_disabled,last_reported,is_installed,is_renting,is_returning,num_bikes_available_types.mechanical,num_bikes_available_types.ebike
7000,23,0,False,IN_SERVICE,,23,0,1771820884,1,1,1,23,0
7001,4,1,True,IN_SERVICE,,18,0,1771820925,1,1,1,3,1
7002,1,0,False,IN_SERVICE,,16,1,1771820964,1,1,1,1,0
7003,1,0,False,IN_SERVICE,,13,0,1771820953,1,1,1,1,0
7005,14,0,False,IN_SERVICE,,12,0,1771820909,1,1,1,14,0
7006,9,0,False,IN_SERVICE,,21,1,1771820911,1,1,1,9,0
7007,8,0,False,IN_SERVICE,,11,0,1771820871,1,1,1,8,0
7008,0,0,False,IN_SERVICE,,18,1,1771820909,1,1,1,0,0
7009,5,1,False,IN_SERVICE,,18,1,1771820913,1,1,1,5,0
7010,14,0,False,IN_SERVICE,,3,0,1771820941,1,1,1,14,0
7013,16,0,False,IN_SERVICE,,3,0,1771820857,1,1,1,16,0
7014,8,0,False,IN_SERVICE,,9,0,1771820837,1,1,1,8,0
7015,1,0,False,IN_SERVICE,,38,0,1771820961,1,1,1,1,0
7016,17,0,False,IN_SERVICE,,18,0,1771820926,1,1,1,16,1
7017,11,0,False,IN_SERVICE,,1,0,1771820883,1,1,1,11,0
7018,27,0,False,IN_SERVICE,,20,1,1771820963,1,1,1,27,0
7019,2,0,False,IN_SERVICE,,52,1,1771820873,1,1,1,2,0
7020,27,0,False,IN_SERVICE,,3,2,1771820857,1,1,1,25,2
7021,28,0,False,IN_SERVICE,,34,0,1771820949,1,1,1,28,0
7023,1,0,False,IN_SERVICE,,10,0,1771820850,1,1,1,1,0
7024,16,0,False,IN_SERVICE,,23,0,1771820855,1,1,1,15,1
7025,8,0,False,IN_SERVICE,,18,0,1771820902,1,1,1,5,3
7026,1,0,False,IN_SERVICE,,13,1,1771820883,1,1,1,0,1
7027,7,0,False,IN_SERVICE,,23,1,1771820861,1,1,1,6,1
7028,19,0,False,IN_SERVICE,,9,0,1771820911,1,1,1,19,0
7029,6,0,False,IN_SERVICE,,9,0,1771820913,1,1,1,6,0
7030,26,0,False,IN_SERVICE,,8,0,1771820913,1,1,1,26,0
7031,19,0,False,IN_SERVICE,,19,1,1771820934,1,1,1,19,0
7032,1,0,False,IN_SERVICE,,11,3,1771820870,1,1,1,1,0
7033,17,0,False,IN_SERVICE,,10,0,1771820929,1,1,1,17,0
7034,5,0,False,IN_SERVICE,,8,2,1771820899,1,1,1,5,0
7035,19,0,False,IN_SERVICE,,23,1,1771820910,1,1,1,19,0
7036,15,0,False,IN_SERVICE,,2,0,1771820922,1,1,1,15,0
7037,9,0,False,IN_SERVICE,,17,1,1771820927,1,1,1,9,0
7038,25,0,False,IN_SERVICE,,5,0,1771820953,1,1,1,25,0
7039,5,0,False,IN_SERVICE,,14,0,1771820855,1,1,1,5,0
7040,6,0,False,IN_SERVICE,,11,2,1771820934,1,1,1,6,0
7041,16,1,False,IN_SERVICE,,6,0,1771820916,1,1,1,16,0
7042,20,1,False,IN_SERVICE,,10,0,1771820887,1,1,1,3,17
7043,11,1,False,IN_SERVICE,,6,0,1771820960,1,1,1,11,0
7044,25,0,False,IN_SERVICE,,9,1,1771820942,1,1,1,25,0
7045,23,0,False,IN_SERVICE,,12,2,1771820869,1,1,1,23,0
7046,11,0,False,IN_SERVICE,,29,2,1771820848,1,1,1,11,0
7047,3,0,False,IN_SERVICE,,22,0,1771820934,1,1,1,3,0
7048,43,0,False,IN_SERVICE,,3,0,1771820892,1,1,1,43,0
7049,7,0,False,IN_SERVICE,,0,0,1771820921,1,1,1,7,0
7050,15,0,True,IN_SERVICE,,1,0,1771820961,1,1,1,15,0
7052,10,0,False,IN_SERVICE,,44,1,1771820878,1,1,1,10,0
7053,9,0,False,IN_SERVICE,,18,0,1771820871,1,1,1,9,0
7054,3,1,False,IN_SERVICE,,6,1,1771820851,1,1,1,3,0
7055,10,0,False,IN_SERVICE,,2,0,1771820860,1,1,1,10,0
7057,20,0,False,IN_SERVICE,,6,0,1771820894,1,1,1,20,0
7058,4,0,False,IN_SERVICE,,34,0,1771820844,1,1,1,2,2
7059,12,0,False,IN_SERVICE,,3,0,1771820863,1,1,1,12,0
7061,0,0,False,IN_SERVICE,,14,1,1771820923,1,1,1,0,0
7063,2,0,False,IN_SERVICE,,20,0,1771820860,1,1,1,1,1
7064,16,0,False,IN_SERVICE,,3,0,1771820938,1,1,1,16,0
7065,5,0,False,IN_SERVICE,,9,1,1771820878,1,1,1,5,0
7066,1,0,False,IN_SERVICE,,13,0,1771820845,1,1,1,1,0
7069,8,0,False,IN_SERVICE,,2,1,1771820902,1,1,1,8,0
7070,9,0,False,IN_SERVICE,,1,1,1771820859,1,1,1,9,0
7071,5,0,False,IN_SERVICE,,18,0,1771820859,1,1,1,5,0
7073,1,0,False,IN_SERVICE,,15,5,1771820861,1,1,1,1,0
7074,22,0,False,IN_SERVICE,,13,0,1771820886,1,1,1,22,0
7075,25,0,True,IN_SERVICE,,2,0,1771820926,1,1,1,25,0
7076,37,1,False,IN_SERVICE,,18,0,1771820911,1,1,1,37,0
7077,1,0,False,IN_SERVICE,,18,0,1771820939,1,1,1,1,0
7078,8,1,False,IN_SERVICE,,6,0,1771820934,1,1,1,8,0
7079,11,0,False,IN_SERVICE,,8,0,1771820960,1,1,1,11,0
7084,0,0,False,IN_SERVICE,,11,0,1771820901,1,1,1,0,0
7085,6,0,False,IN_SERVICE,,9,0,1771820926,1,1,1,6,0
7086,0,0,False,IN_SERVICE,,21,2,1771820856,1,1,1,0,0
7087,2,0,False,IN_SERVICE,,9,0,1771820957,1,1,1,2,0
7088,7,0,False,IN_SERVICE,,8,0,1771820842,1,1,1,7,0
7089,13,0,False,IN_SERVICE,,14,0,1771820954,1,1,1,13,0
7090,8,0,False,IN_SERVICE,,11,0,1771820889,1,1,1,8,0
7091,0,0,False,IN_SERVICE,,13,1,1771820911,1,1,1,0,0
7093,10,0,False,IN_SERVICE,,14,0,1771820942,1,1,1,9,1
7094,1,2,True,IN_SERVICE,,22,0,1771820857,1,1,1,1,0
7095,5,0,False,IN_SERVICE,,9,0,1771820929,1,1,1,5,0
7096,3,0,False,IN_SERVICE,,15,1,1771820964,1,1,1,3,0
7097,9,0,False,IN_SERVICE,,5,1,1771820843,1,1,1,9,0
7098,13,0,False,IN_SERVICE,,2,0,1771820925,1,1,1,13,0
7099,32,0,False,IN_SERVICE,,6,0,1771820956,1,1,1,32,0
7100,19,0,False,IN_SERVICE,,7,1,1771820916,1,1,1,19,0
7101,10,0,False,IN_SERVICE,,14,2,1771820964,1,1,1,10,0
7102,29,0,False,IN_SERVICE,,2,0,1771820902,1,1,1,29,0
7103,22,0,False,IN_SERVICE,,11,0,1771820852,1,1,1,22,0
7104,3,0,False,IN_SERVICE,,12,0,1771820942,1,1,1,3,0
7105,9,0,False,IN_SERVICE,,6,0,1771820872,1,1,1,9,0
7106,11,0,False,IN_SERVICE,,12,0,1771820924,1,1,1,11,0
7107,9,0,False,IN_SERVICE,,6,0,1771820965,1,1,1,8,1
7109,3,0,False,IN_SERVICE,,25,3,1771820936,1,1,1,3,0
7110,11,0,False,IN_SERVICE,,3,0,1771820897,1,1,1,11,0
7111,7,0,False,IN_SERVICE,,3,1,1771820948,1,1,1,6,1
7112,12,0,False,IN_SERVICE,,6,0,1771820928,1,1,1,12,0
7113,6,0,False,IN_SERVICE,,8,0,1771820850,1,1,1,6,0
7114,20,0,False,IN_SERVICE,,6,0,1771820948,1,1,1,20,0
7115,3,0,False,IN_SERVICE,,22,4,1771820862,1,1,1,3,0
7116,11,0,False,IN_SERVICE,,7,1,1771820956,1,1,1,10,1
7117,0,0,False,IN_SERVICE,,18,1,1771820852,1,1,1,0,0
7118,5,0,False,IN_SERVICE,,12,1,1771820860,1,1,1,5,0
7119,9,0,False,IN_SERVICE,,4,2,1771820932,1,1,1,9,0
7120,7,0,False,IN_SERVICE,,2,1,1771820963,1,1,1,7,0
7121,13,0,False,IN_SERVICE,,14,0,1771820918,1,1,1,13,0
7122,0,0,False,IN_SERVICE,,15,0,1771820922,1,1,1,0,0
7123,9,0,False,IN_SERVICE,,6,0,1771820875,1,1,1,9,0
7124,16,0,False,IN_SERVICE,,3,0,1771820871,1,1,1,16,0
7126,12,0,False,IN_SERVICE,,5,0,1771820905,1,1,1,12,0
7127,1,0,False,IN_SERVICE,,14,0,1771820876,1,1,1,1,0
7128,1,0,False,IN_SERVICE,,22,0,1771820856,1,1,1,1,0
7129,1,0,False,IN_SERVICE,,8,2,1771820918,1,1,1,1,0
7130,6,0,False,IN_SERVICE,,8,1,1771820903,1,1,1,6,0
7131,2,0,False,IN_SERVICE,,10,2,1771820940,1,1,1,2,0
7132,0,1,False,IN_SERVICE,,8,0,1771820853,1,1,1,0,0
7133,1,0,False,IN_SERVICE,,8,2,1771820909,1,1,1,1,0
7135,22,0,False,IN_SERVICE,,13,0,1771820917,1,1,1,22,0
7137,1,0,False,IN_SERVICE,,13,0,1771820848,1,1,1,1,0
7138,1,0,False,IN_SERVICE,,25,1,1771820915,1,1,1,1,0
7139,1,0,False,IN_SERVICE,,14,0,1771820959,1,1,1,1,0
7140,4,0,False,IN_SERVICE,,11,0,1771820907,1,1,1,4,0
7141,5,0,False,IN_SERVICE,,10,0,1771820952,1,1,1,4,1
7142,2,0,False,IN_SERVICE,,13,0,1771820872,1,1,1,2,0
7143,9,0,False,IN_SERVICE,,5,1,1771820898,1,1,1,8,1
7144,4,0,False,IN_SERVICE,,8,3,1771820929,1,1,1,4,0
7146,5,0,False,IN_SERVICE,,13,1,1771820838,1,1,1,5,0
7147,3,0,False,IN_SERVICE,,12,0,1771820953,1,1,1,3,0
7148,11,0,False,IN_SERVICE,,8,3,1771820862,1,1,1,11,0
7149,1,0,False,IN_SERVICE,,10,0,1771820924,1,1,1,1,0
7150,10,1,False,IN_SERVICE,,7,1,1771820847,1,1,1,10,0
7151,1,0,False,IN_SERVICE,,17,1,1771820923,1,1,1,1,0
7152,1,1,False,IN_SERVICE,,9,0,1771820943,1,1,1,1,0
7153,5,0,False,IN_SERVICE,,13,1,1771820870,1,1,1,5,0
7154,20,0,False,IN_SERVICE,,2,0,1771820954,1,1,1,20,0
7155,7,0,False,IN_SERVICE,,12,0,1771820920,1,1,1,5,2
7156,3,0,False,IN_SERVICE,,11,1,1771820910,1,1,1,3,0
7157,0,0,False,IN_SERVICE,,23,0,1771820886,1,1,1,0,0
7158,1,0,False,IN_SERVICE,,14,0,1771820863,1,1,1,1,0
7160,10,0,False,IN_SERVICE,,9,0,1771820909,1,1,1,10,0
7161,1,0,False,IN_SERVICE,,16,4,1771820905,1,1,1,1,0
7162,6,0,False,IN_SERVICE,,16,1,1771820931,1,1,1,6,0
7164,19,0,False,IN_SERVICE,,3,1,1771820925,1,1,1,19,0
7168,43,0,False,IN_SERVICE,,3,0,1771820863,1,1,1,43,0
7169,0,0,False,IN_SERVICE,,10,1,1771820906,1,1,1,0,0
7170,3,0,False,IN_SERVICE,,11,1,1771820918,1,1,1,3,0
7171,8,0,False,IN_SERVICE,,15,2,1771820960,1,1,1,8,0
7172,1,0,False,IN_SERVICE,,18,0,1771820937,1,1,1,1,0
7173,1,0,False,IN_SERVICE,,17,0,1771820955,1,1,1,1,0
7174,0,0,False,IN_SERVICE,,15,0,1771820880,1,1,1,0,0
7175,19,0,False,IN_SERVICE,,4,2,1771820862,1,1,1,19,0
7176,16,0,False,IN_SERVICE,,3,0,1771820843,1,1,1,16,0
7178,1,0,False,IN_SERVICE,,14,0,1771820855,1,1,1,1,0
7180,4,2,False,IN_SERVICE,,17,0,1771820958,1,1,1,4,0
7181,1,0,False,IN_SERVICE,,13,1,1771820944,1,1,1,1,0
7182,0,0,False,IN_SERVICE,,19,0,1771820839,1,1,1,0,0
7183,1,0,False,IN_SERVICE,,11,3,1771820877,1,1,1,1,0
7184,2,0,False,IN_SERVICE,,9,0,1771820957,1,1,1,2,0
7188,3,0,False,IN_SERVICE,,30,2,1771820946,1,1,1,3,0
7189,4,0,False,IN_SERVICE,,7,3,1771820881,1,1,1,4,0
7190,0,0,False,IN_SERVICE,,15,0,1771820920,1,1,1,0,0
7191,8,0,False,IN_SERVICE,,2,1,1771820840,1,1,1,8,0
7192,0,0,False,IN_SERVICE,,15,0,1771820907,1,1,1,0,0
7193,12,0,False,IN_SERVICE,,3,0,1771820910,1,1,1,12,0
7194,3,0,False,IN_SERVICE,,20,0,1771820899,1,1,1,3,0
7195,0,0,False,IN_SERVICE,,11,0,1771820934,1,1,1,0,0
7196,1,0,False,IN_SERVICE,,8,1,1771820931,1,1,1,1,0
7197,9,0,False,IN_SERVICE,,0,1,1771820945,1,1,1,9,0
7198,7,0,False,IN_SERVICE,,11,1,1771820962,1,1,1,7,0
7199,3,0,False,IN_SERVICE,,16,0,1771820885,1,1,1,3,0
7202,5,0,False,IN_SERVICE,,17,4,1771820851,1,1,1,5,0
7203,32,0,False,IN_SERVICE,,2,1,1771820946,1,1,1,32,0
7204,12,0,False,IN_SERVICE,,6,1,1771820856,1,1,1,12,0
7205,4,0,False,IN_SERVICE,,10,1,1771820846,1,1,1,4,0
7206,5,0,False,IN_SERVICE,,8,0,1771820855,1,1,1,5,0
7207,3,0,False,IN_SERVICE,,43,0,1771820872,1,1,1,3,0
7208,7,0,False,IN_SERVICE,,8,0,1771820849,1,1,1,7,0
7209,10,0,False,IN_SERVICE,,9,0,1771820878,1,1,1,10,0
7210,12,0,False,IN_SERVICE,,3,0,1771820855,1,1,1,12,0
7211,0,0,False,IN_SERVICE,,15,0,1771820936,1,1,1,0,0
7216,6,0,False,IN_SERVICE,,13,2,1771820939,1,1,1,6,0
7217,12,2,False,IN_SERVICE,,0,0,1771820885,1,1,1,12,0
7220,6,0,False,IN_SERVICE,,13,0,1771820885,1,1,1,6,0
7221,0,0,False,IN_SERVICE,,11,0,1771820862,1,1,1,0,0
7222,22,0,False,IN_SERVICE,,5,0,1771820876,1,1,1,22,0
7223,4,0,False,IN_SERVICE,,8,0,1771820867,1,1,1,4,0
7224,0,0,False,IN_SERVICE,,22,1,1771820854,1,1,1,0,0
7225,14,0,False,IN_SERVICE,,4,1,1771820917,1,1,1,14,0
7226,4,0,False,IN_SERVICE,,15,0,1771820900,1,1,1,4,0
7227,1,0,False,IN_SERVICE,,26,4,1771820839,1,1,1,1,0
7228,2,0,False,IN_SERVICE,,17,0,1771820872,1,1,1,2,0
7230,0,0,False,IN_SERVICE,,18,1,1771820908,1,1,1,0,0
7231,0,0,False,IN_SERVICE,,18,0,1771820840,1,1,1,0,0
7232,1,1,False,IN_SERVICE,,13,1,1771820962,1,1,1,1,0
7233,3,0,False,IN_SERVICE,,12,1,1771820922,1,1,1,3,0
7234,6,0,False,IN_SERVICE,,13,0,1771820927,1,1,1,6,0
7235,3,0,False,IN_SERVICE,,13,0,1771820933,1,1,1,3,0
7236,11,0,False,IN_SERVICE,,12,1,1771820872,1,1,1,11,0
7237,7,0,False,IN_SERVICE,,8,0,1771820952,1,1,1,7,0
7238,11,0,False,IN_SERVICE,,5,0,1771820877,1,1,1,11,0
7239,11,1,False,IN_SERVICE,,28,2,1771820954,1,1,1,10,1
7240,13,0,False,IN_SERVICE,,21,0,1771820877,1,1,1,13,0
7241,4,0,False,IN_SERVICE,,7,0,1771820869,1,1,1,4,0
7242,5,0,False,IN_SERVICE,,26,2,1771820879,1,1,1,5,0
7243,4,0,False,IN_SERVICE,,8,2,1771820898,1,1,1,4,0
7244,4,0,False,IN_SERVICE,,12,0,1771820884,1,1,1,4,0
7246,0,0,False,IN_SERVICE,,17,1,1771820835,1,1,1,0,0
7247,0,0,False,IN_SERVICE,,12,0,1771820870,1,1,1,0,0
7248,11,0,False,IN_SERVICE,,9,0,1771820961,1,1,1,11,0
7249,5,0,True,IN_SERVICE,,41,5,1771820944,1,1,1,5,0
7250,0,0,False,IN_SERVICE,,16,0,1771820920,1,1,1,0,0
7252,3,0,False,IN_SERVICE,,13,2,1771820943,1,1,1,2,1
7253,7,0,False,IN_SERVICE,,5,0,1771820863,1,1,1,7,0
7256,0,0,False,IN_SERVICE,,10,2,1771820862,1,1,1,0,0
7257,4,0,False,IN_SERVICE,,15,0,1771820849,1,1,1,4,0
7258,7,0,False,IN_SERVICE,,8,0,1771820926,1,1,1,7,0
7259,16,0,False,IN_SERVICE,,2,0,1771820853,1,1,1,16,0
7260,0,0,False,IN_SERVICE,,13,2,1771820891,1,1,1,0,0
7261,23,0,False,IN_SERVICE,,1,0,1771820938,1,1,1,23,0
7262,1,0,False,IN_SERVICE,,15,0,1771820894,1,1,1,1,0
7264,15,0,False,IN_SERVICE,,2,0,1771820965,1,1,1,15,0
7265,1,0,False,IN_SERVICE,,11,0,1771820941,1,1,1,1,0
7266,1,0,False,IN_SERVICE,,11,0,1771820927,1,1,1,1,0
7267,12,0,False,IN_SERVICE,,2,0,1771820881,1,1,1,12,0
7268,11,0,False,IN_SERVICE,,4,1,1771820880,1,1,1,11,0
7269,15,1,False,IN_SERVICE,,4,0,1771820927,1,1,1,15,0
7270,5,0,False,IN_SERVICE,,14,1,1771820858,1,1,1,5,0
7271,7,0,False,IN_SERVICE,,11,0,1771820870,1,1,1,7,0
7272,17,1,False,IN_SERVICE,,7,1,1771820860,1,1,1,17,0
7273,7,0,False,IN_SERVICE,,13,0,1771820963,1,1,1,7,0
7276,1,0,False,IN_SERVICE,,10,0,1771820914,1,1,1,1,0
7277,5,0,False,IN_SERVICE,,15,0,1771820909,1,1,1,5,0
7278,16,0,False,IN_SERVICE,,0,0,1771820858,1,1,1,16,0
7279,1,0,False,IN_SERVICE,,15,0,1771820965,1,1,1,0,1
7281,8,0,False,IN_SERVICE,,15,0,1771820853,1,1,1,8,0
7282,8,0,False,IN_SERVICE,,15,0,1771820852,1,1,1,8,0
7283,1,0,False,IN_SERVICE,,18,0,1771820916,1,1,1,1,0
7284,9,0,False,IN_SERVICE,,15,0,1771820944,1,1,1,9,0
7285,35,0,False,IN_SERVICE,,1,0,1771820893,1,1,1,35,0
7286,7,0,False,IN_SERVICE,,11,0,1771820841,1,1,1,7,0
7287,14,0,False,IN_SERVICE,,1,0,1771820891,1,1,1,14,0
7288,7,0,False,IN_SERVICE,,22,1,1771820894,1,1,1,7,0
7289,15,1,False,IN_SERVICE,,6,0,1771820924,1,1,1,15,0
7291,14,0,False,IN_SERVICE,,0,1,1771820918,1,1,1,14,0
7292,22,0,False,IN_SERVICE,,2,0,1771820945,1,1,1,22,0
7296,2,0,False,IN_SERVICE,,16,1,1771820941,1,1,1,1,1
7297,2,0,False,IN_SERVICE,,17,0,1771820860,1,1,1,2,0
7298,6,0,False,IN_SERVICE,,19,0,1771820875,1,1,1,6,0
7299,8,0,False,IN_SERVICE,,7,0,1771820955,1,1,1,8,0
7301,3,0,False,IN_SERVICE,,11,1,1771820894,1,1,1,3,0
7302,0,0,False,IN_SERVICE,,10,1,1771820921,1,1,1,0,0
7303,6,0,False,IN_SERVICE,,13,0,1771820912,1,1,1,6,0
7309,15,0,False,IN_SERVICE,,8,0,1771820885,1,1,1,15,0
7311,7,1,False,IN_SERVICE,,11,0,1771820920,1,1,1,1,6
7312,1,0,False,IN_SERVICE,,10,0,1771820957,1,1,1,1,0
7313,13,0,False,IN_SERVICE,,2,0,1771820878,1,1,1,13,0
7314,10,0,False,IN_SERVICE,,5,0,1771820890,1,1,1,10,0
7315,11,0,False,IN_SERVICE,,0,0,1771820859,1,1,1,11,0
7316,2,0,False,IN_SERVICE,,13,0,1771820872,1,1,1,2,0
7317,10,0,False,IN_SERVICE,,9,0,1771820909,1,1,1,10,0
7318,8,0,False,IN_SERVICE,,7,0,1771820862,1,1,1,8,0
7319,5,0,False,IN_SERVICE,,4,0,1771820839,1,1,1,5,0
7320,18,0,False,IN_SERVICE,,1,0,1771820851,1,1,1,18,0
7321,17,0,False,IN_SERVICE,,2,0,1771820910,1,1,1,17,0
7322,11,0,False,IN_SERVICE,,7,1,1771820910,1,1,1,11,0
7323,19,0,False,IN_SERVICE,,0,0,1771820854,1,1,1,19,0
7324,13,0,False,IN_SERVICE,,10,0,1771820849,1,1,1,13,0
7326,2,0,False,IN_SERVICE,,17,0,1771820884,1,1,1,1,1
7329,10,0,False,IN_SERVICE,,9,0,1771820925,1,1,1,10,0
7331,6,0,False,IN_SERVICE,,12,1,1771820927,1,1,1,4,2
7332,0,0,False,IN_SERVICE,,22,1,1771820885,1,1,1,0,0
7333,15,0,False,IN_SERVICE,,3,0,1771820878,1,1,1,14,1
7334,14,0,False,IN_SERVICE,,1,0,1771820842,1,1,1,14,0
7335,2,0,False,IN_SERVICE,,17,0,1771820954,1,1,1,2,0
7336,1,0,False,IN_SERVICE,,18,0,1771820954,1,1,1,1,0
7337,10,0,False,IN_SERVICE,,10,0,1771820947,1,1,1,10,0
7338,12,0,False,IN_SERVICE,,6,0,1771820914,1,1,1,12,0
7339,1,1,False,IN_SERVICE,,13,0,1771820899,1,1,1,1,0
7340,15,0,False,IN_SERVICE,,0,0,1771820872,1,1,1,15,0
7341,7,0,False,IN_SERVICE,,8,0,1771820878,1,1,1,7,0
7342,8,0,False,IN_SERVICE,,1,1,1771820879,1,1,1,8,0
7343,16,0,False,IN_SERVICE,,6,0,1771820859,1,1,1,16,0
7344,19,0,False,IN_SERVICE,,28,2,1771820838,1,1,1,19,0
7345,17,0,False,IN_SERVICE,,11,1,1771820846,1,1,1,17,0
7346,19,0,False,IN_SERVICE,,3,1,1771820898,1,1,1,18,1
7347,0,0,False,IN_SERVICE,,15,0,1771820954,1,1,1,0,0
7348,3,0,False,IN_SERVICE,,15,1,1771820942,1,1,1,3,0
7349,5,0,False,IN_SERVICE,,18,0,1771820920,1,1,1,5,0
7350,9,0,False,IN_SERVICE,,14,0,1771820905,1,1,1,9,0
7351,6,0,False,IN_SERVICE,,12,1,1771820908,1,1,1,6,0
7352,1,0,False,IN_SERVICE,,15,2,1771820919,1,1,1,1,0
7353,7,0,False,IN_SERVICE,,12,0,1771820845,1,1,1,7,0
7354,23,0,False,IN_SERVICE,,8,0,1771820891,1,1,1,7,16
7355,0,0,False,IN_SERVICE,,15,0,1771820913,1,1,1,0,0
7356,17,0,False,IN_SERVICE,,14,0,1771820907,1,1,1,17,0
7357,6,0,False,IN_SERVICE,,13,0,1771820914,1,1,1,6,0
7358,6,0,False,IN_SERVICE,,11,0,1771820948,1,1,1,6,0
7359,0,0,False,IN_SERVICE,,20,3,1771820906,1,1,1,0,0
7360,3,0,False,IN_SERVICE,,14,0,1771820847,1,1,1,3,0
7361,0,0,False,IN_SERVICE,,18,1,1771820927,1,1,1,0,0
7362,0,0,False,IN_SERVICE,,18,1,1771820960,1,1,1,0,0
7363,0,0,False,IN_SERVICE,,15,0,1771820901,1,1,1,0,0
7364,8,0,False,IN_SERVICE,,11,0,1771820896,1,1,1,8,0
7365,19,0,False,IN_SERVICE,,4,0,1771820910,1,1,1,19,0
7366,20,0,False,IN_SERVICE,,0,0,1771820902,1,1,1,20,0
7367,2,0,False,IN_SERVICE,,13,1,1771820922,1,1,1,2,0
7368,5,0,False,IN_SERVICE,,2,0,1771820840,1,1,1,5,0
7371,1,0,False,IN_SERVICE,,19,0,1771820857,1,1,1,1,0
7373,14,0,False,IN_SERVICE,,1,0,1771820890,1,1,1,14,0
7374,16,0,False,IN_SERVICE,,3,0,1771820960,1,1,1,16,0
7375,3,0,False,IN_SERVICE,,8,0,1771820876,1,1,1,3,0
7376,1,0,False,IN_SERVICE,,18,0,1771820934,1,1,1,1,0
7377,20,0,False,IN_SERVICE,,16,0,1771820854,1,1,1,20,0
7378,0,0,False,IN_SERVICE,,15,0,1771820864,1,1,1,0,0
7379,7,0,False,IN_SERVICE,,8,0,1771820937,1,1,1,7,0
7380,1,0,False,IN_SERVICE,,14,1,1771820961,1,1,1,1,0
7381,21,0,False,IN_SERVICE,,14,0,1771820941,1,1,1,21,0
7382,22,0,False,IN_SERVICE,,5,0,1771820926,1,1,1,22,0
7383,14,0,False,IN_SERVICE,,0,1,1771820958,1,1,1,14,0
7384,0,0,False,IN_SERVICE,,9,0,1771820884,1,1,1,0,0
7385,1,0,True,IN_SERVICE,,32,0,1771820955,1,1,1,1,0
7386,13,0,False,IN_SERVICE,,2,0,1771820964,1,1,1,12,1
7387,1,0,False,IN_SERVICE,,11,0,1771820950,1,1,1,1,0
7388,7,0,False,IN_SERVICE,,7,1,1771820870,1,1,1,7,0
7389,17,0,False,IN_SERVICE,,6,1,1771820911,1,1,1,17,0
7391,15,0,False,IN_SERVICE,,15,0,1771820851,1,1,1,15,0
7395,5,0,False,IN_SERVICE,,16,1,1771820845,1,1,1,4,1
7398,17,0,False,IN_SERVICE,,2,0,1771820912,1,1,1,17,0
7399,15,0,False,IN_SERVICE,,3,0,1771820920,1,1,1,15,0
7400,18,0,False,IN_SERVICE,,5,0,1771820916,1,1,1,18,0
7403,7,0,False,IN_SERVICE,,10,2,1771820888,1,1,1,7,0
7404,6,0,False,IN_SERVICE,,13,0,1771820899,1,1,1,5,1
7407,14,0,False,IN_SERVICE,,8,1,1771820888,1,1,1,14,0
7409,19,0,False,IN_SERVICE,,8,0,1771820846,1,1,1,19,0
7410,7,0,False,IN_SERVICE,,11,1,1771820937,1,1,1,1,6
7411,17,1,False,IN_SERVICE,,5,0,1771820879,1,1,1,17,0
7412,0,0,False,IN_SERVICE,,23,0,1771820859,1,1,1,0,0
7414,2,0,False,IN_SERVICE,,11,2,1771820926,1,1,1,2,0
7415,1,0,False,IN_SERVICE,,22,0,1771820915,1,1,1,1,0
7416,18,0,False,IN_SERVICE,,12,0,1771820882,1,1,1,18,0
7417,6,0,False,IN_SERVICE,,5,0,1771820945,1,1,1,6,0
7418,10,0,False,IN_SERVICE,,15,0,1771820874,1,1,1,10,0
7419,7,0,False,IN_SERVICE,,19,1,1771820961,1,1,1,7,0
7420,10,0,False,IN_SERVICE,,17,0,1771820853,1,1,1,10,0
7422,3,0,False,IN_SERVICE,,12,1,1771820878,1,1,1,3,0
7425,17,0,False,IN_SERVICE,,5,0,1771820903,1,1,1,17,0
7427,15,0,False,IN_SERVICE,,9,2,1771820961,1,1,1,15,0
7428,21,0,False,IN_SERVICE,,6,0,1771820888,1,1,1,21,0
7429,3,0,False,IN_SERVICE,,12,0,1771820944,1,1,1,3,0
7430,1,0,False,IN_SERVICE,,25,1,1771820888,1,1,1,1,0
7431,2,0,False,IN_SERVICE,,20,0,1771820871,1,1,1,2,0
7432,21,0,False,IN_SERVICE,,26,0,1771820948,1,1,1,21,0
7433,12,0,False,IN_SERVICE,,2,0,1771820944,1,1,1,12,0
7434,0,1,True,IN_SERVICE,,37,1,1771820894,1,1,1,0,0
7435,1,0,False,IN_SERVICE,,10,0,1771820919,1,1,1,1,0
7437,1,0,False,IN_SERVICE,,14,0,1771820844,1,1,1,1,0
7438,0,0,False,IN_SERVICE,,16,3,1771820856,1,1,1,0,0
7441,1,0,False,IN_SERVICE,,20,1,1771820884,1,1,1,1,0
7442,1,0,False,IN_SERVICE,,13,1,1771820917,1,1,1,1,0
7443,13,0,False,IN_SERVICE,,11,1,1771820849,1,1,1,13,0
7444,2,0,False,IN_SERVICE,,15,3,1771820878,1,1,1,2,0
7445,18,0,False,IN_SERVICE,,1,0,1771820897,1,1,1,18,0
7446,14,0,False,IN_SERVICE,,5,0,1771820859,1,1,1,14,0
7447,3,0,False,IN_SERVICE,,17,3,1771820943,1,1,1,3,0
7448,0,0,False,IN_SERVICE,,18,1,1771820848,1,1,1,0,0
7449,11,0,False,IN_SERVICE,,3,1,1771820963,1,1,1,11,0
7450,3,0,False,IN_SERVICE,,11,1,1771820916,1,1,1,3,0
7451,7,1,False,IN_SERVICE,,22,0,1771820908,1,1,1,7,0
7452,13,0,False,IN_SERVICE,,10,0,1771820865,1,1,1,13,0
7453,3,0,False,IN_SERVICE,,14,0,1771820895,1,1,1,3,0
7454,14,0,False,IN_SERVICE,,1,0,1771820909,1,1,1,14,0
7455,6,0,False,IN_SERVICE,,19,2,1771820949,1,1,1,6,0
7457,1,0,False,IN_SERVICE,,20,1,1771820866,1,1,1,1,0
7458,17,0,False,IN_SERVICE,,0,0,1771820938,1,1,1,17,0
7459,0,0,False,IN_SERVICE,,11,0,1771820908,1,1,1,0,0
7460,1,0,False,IN_SERVICE,,24,1,1771820961,1,1,1,1,0
7461,3,0,False,IN_SERVICE,,19,1,1771820881,1,1,1,3,0
7462,6,0,False,IN_SERVICE,,11,0,1771820901,1,1,1,6,0
7465,1,0,False,IN_SERVICE,,17,1,1771820902,1,1,1,1,0
7466,2,0,False,IN_SERVICE,,17,0,1771820902,1,1,1,2,0
7467,8,0,False,IN_SERVICE,,7,0,1771820872,1,1,1,8,0
7468,20,0,False,IN_SERVICE,,7,0,1771820874,1,1,1,20,0
7469,14,0,False,IN_SERVICE,,9,0,1771820889,1,1,1,14,0
7471,14,0,True,IN_SERVICE,,1,0,1771820916,1,1,1,14,0
7473,1,0,False,IN_SERVICE,,14,0,1771820875,1,1,1,1,0
7474,12,0,False,IN_SERVICE,,9,0,1771820886,1,1,1,12,0
7475,9,0,False,IN_SERVICE,,10,0,1771820933,1,1,1,9,0
7476,1,1,False,IN_SERVICE,,5,8,1771820898,1,1,1,1,0
7477,2,0,False,IN_SERVICE,,18,0,1771820927,1,1,1,2,0
7478,16,0,False,IN_SERVICE,,2,0,1771820888,1,1,1,16,0
7479,7,0,False,IN_SERVICE,,8,0,1771820840,1,1,1,7,0
7480,4,0,False,IN_SERVICE,,9,0,1771820906,1,1,1,4,0
7483,3,0,False,IN_SERVICE,,8,1,1771820906,1,1,1,3,0
7484,1,0,False,IN_SERVICE,,13,2,1771820926,1,1,1,1,0
7485,4,0,False,IN_SERVICE,,8,1,1771820931,1,1,1,4,0
7486,6,0,False,IN_SERVICE,,15,0,1771820848,1,1,1,6,0
7487,5,0,False,IN_SERVICE,,7,0,1771820884,1,1,1,5,0
7488,0,0,False,IN_SERVICE,,10,1,1771820881,1,1,1,0,0
7489,7,0,False,IN_SERVICE,,11,1,1771820964,1,1,1,7,0
7492,3,0,False,IN_SERVICE,,12,0,1771820891,1,1,1,3,0
7493,6,0,False,IN_SERVICE,,6,0,1771820869,1,1,1,6,0
7494,0,0,False,IN_SERVICE,,11,1,1771820944,1,1,1,0,0
7496,11,0,False,IN_SERVICE,,8,1,1771820855,1,1,1,11,0
7497,8,0,False,IN_SERVICE,,11,1,1771820943,1,1,1,8,0
7501,1,0,False,IN_SERVICE,,18,1,1771820958,1,1,1,1,0
7502,0,0,False,IN_SERVICE,,20,0,1771820874,1,1,1,0,0
7503,1,0,False,IN_SERVICE,,16,2,1771820858,1,1,1,1,0
7504,2,0,False,IN_SERVICE,,13,1,1771820862,1,1,1,2,0
7505,17,0,False,IN_SERVICE,,3,0,1771820940,1,1,1,17,0
7506,9,0,False,IN_SERVICE,,2,0,1771820890,1,1,1,9,0
7508,19,0,False,IN_SERVICE,,1,0,1771820840,1,1,1,19,0
7514,10,0,False,IN_SERVICE,,49,4,1771820916,1,1,1,9,1
7515,15,0,False,IN_SERVICE,,10,1,1771820859,1,1,1,15,0
7516,7,0,False,IN_SERVICE,,9,1,1771820854,1,1,1,7,0
7517,3,0,False,IN_SERVICE,,15,5,1771820898,1,1,1,3,0
7518,19,0,False,IN_SERVICE,,6,0,1771820918,1,1,1,19,0
7519,0,0,False,IN_SERVICE,,19,0,1771820878,1,1,1,0,0
7520,10,0,False,IN_SERVICE,,5,0,1771820899,1,1,1,10,0
7521,1,0,False,IN_SERVICE,,20,2,1771820959,1,1,1,1,0
7522,0,0,False,IN_SERVICE,,16,1,1771820921,1,1,1,0,0
7523,9,0,False,IN_SERVICE,,6,0,1771820907,1,1,1,9,0
7524,11,0,False,IN_SERVICE,,22,2,1771820839,1,1,1,11,0
7526,10,0,False,IN_SERVICE,,13,0,1771820879,1,1,1,10,0
7527,2,0,False,IN_SERVICE,,17,0,1771820873,1,1,1,2,0
7528,3,0,False,IN_SERVICE,,13,1,1771820897,1,1,1,3,0
7529,0,0,False,IN_SERVICE,,14,1,1771820961,1,1,1,0,0
7530,3,0,False,IN_SERVICE,,19,0,1771820925,1,1,1,3,0
7531,3,0,False,IN_SERVICE,,17,0,1771820920,1,1,1,2,1
7533,24,0,False,IN_SERVICE,,0,3,1771820930,1,1,1,24,0
7534,2,0,False,IN_SERVICE,,12,0,1771820874,1,1,1,2,0
7536,3,0,False,IN_SERVICE,,19,1,1771820854,1,1,1,3,0
7537,0,0,False,IN_SERVICE,,15,1,1771820854,1,1,1,0,0
7538,0,0,False,IN_SERVICE,,19,0,1771820902,1,1,1,0,0
7539,2,0,False,IN_SERVICE,,16,1,1771820902,1,1,1,2,0
7540,0,0,False,IN_SERVICE,,17,2,1771820859,1,1,1,0,0
7541,1,0,False,IN_SERVICE,,18,1,1771820963,1,1,1,1,0
7542,19,0,False,IN_SERVICE,,4,0,1771820846,1,1,1,19,0
7543,1,0,False,IN_SERVICE,,14,0,1771820880,1,1,1,1,0
7545,13,0,False,IN_SERVICE,,2,0,1771820919,1,1,1,12,1
7546,1,0,False,IN_SERVICE,,17,0,1771820943,1,1,1,1,0
7547,3,0,False,IN_SERVICE,,12,0,1771820927,1,1,1,3,0
7549,19,0,False,IN_SERVICE,,24,4,1771820848,1,1,1,19,0
7551,12,0,False,IN_SERVICE,,2,1,1771820956,1,1,1,12,0
7552,11,0,False,IN_SERVICE,,6,0,1771820922,1,1,1,11,0
7553,2,0,False,IN_SERVICE,,16,1,1771820906,1,1,1,2,0
7554,23,0,False,IN_SERVICE,,3,0,1771820844,1,1,1,23,0
7555,0,0,False,IN_SERVICE,,19,1,1771820962,1,1,1,0,0
7556,0,0,False,IN_SERVICE,,31,0,1771820858,1,1,1,0,0
7557,12,0,False,IN_SERVICE,,10,0,1771820867,1,1,1,12,0
7558,19,0,False,IN_SERVICE,,0,0,1771820861,1,1,1,19,0
7559,4,0,False,IN_SERVICE,,10,1,1771820900,1,1,1,4,0
7561,5,0,False,IN_SERVICE,,10,0,1771820936,1,1,1,5,0
7562,3,0,False,IN_SERVICE,,19,1,1771820870,1,1,1,3,0
7563,1,0,False,IN_SERVICE,,15,3,1771820959,1,1,1,1,0
7564,2,0,False,IN_SERVICE,,19,2,1771820907,1,1,1,2,0
7565,0,0,False,IN_SERVICE,,21,2,1771820897,1,1,1,0,0
7566,0,0,False,IN_SERVICE,,19,0,1771820891,1,1,1,0,0
7567,4,0,False,IN_SERVICE,,22,1,1771820949,1,1,1,4,0
7568,0,0,False,IN_SERVICE,,25,1,1771820909,1,1,1,0,0
7569,19,1,False,IN_SERVICE,,23,3,1771820887,1,1,1,19,0
7570,11,0,False,IN_SERVICE,,6,0,1771820879,1,1,1,11,0
7571,17,0,False,IN_SERVICE,,1,1,1771820838,1,1,1,17,0
7572,10,0,False,IN_SERVICE,,5,0,1771820915,1,1,1,10,0
7575,13,0,False,IN_SERVICE,,2,0,1771820921,1,1,1,13,0
7576,18,0,False,IN_SERVICE,,2,0,1771820939,1,1,1,18,0
7577,11,0,False,IN_SERVICE,,14,2,1771820900,1,1,1,11,0
7579,4,0,False,IN_SERVICE,,13,2,1771820874,1,1,1,4,0
7580,0,0,False,IN_SERVICE,,15,0,1771820895,1,1,1,0,0
7581,3,0,False,IN_SERVICE,,12,0,1771820940,1,1,1,3,0
7582,0,0,False,IN_SERVICE,,16,0,1771820927,1,1,1,0,0
7583,6,0,False,IN_SERVICE,,17,0,1771820894,1,1,1,6,0
7584,4,0,False,IN_SERVICE,,22,1,1771820916,1,1,1,4,0
7587,0,0,False,IN_SERVICE,,18,1,1771820845,1,1,1,0,0
7588,3,0,False,IN_SERVICE,,15,1,1771820854,1,1,1,3,0
7589,9,0,False,IN_SERVICE,,5,0,1771820957,1,1,1,9,0
7590,0,0,False,IN_SERVICE,,21,2,1771820889,1,1,1,0,0
7591,0,0,False,IN_SERVICE,,21,2,1771820934,1,1,1,0,0
7593,1,0,False,IN_SERVICE,,24,2,1771820949,1,1,1,1,0
7594,1,0,False,IN_SERVICE,,12,2,1771820873,1,1,1,1,0
7595,0,0,False,IN_SERVICE,,15,0,1771820905,1,1,1,0,0
7596,9,0,False,IN_SERVICE,,21,2,1771820847,1,1,1,4,5
7597,0,0,False,IN_SERVICE,,14,1,1771820863,1,1,1,0,0
7598,2,0,False,IN_SERVICE,,11,2,1771820879,1,1,1,2,0
7599,1,0,False,IN_SERVICE,,16,0,1771820884,1,1,1,0,1
7600,2,0,False,IN_SERVICE,,18,0,1771820912,1,1,1,2,0
7601,16,0,False,IN_SERVICE,,8,0,1771820940,1,1,1,15,1
7602,9,0,False,IN_SERVICE,,9,1,1771820919,1,1,1,9,0
7603,4,0,False,IN_SERVICE,,10,0,1771820851,1,1,1,3,1
7604,6,0,False,IN_SERVICE,,11,2,1771820888,1,1,1,6,0
7605,10,0,False,IN_SERVICE,,10,0,1771820876,1,1,1,9,1
7606,1,0,False,IN_SERVICE,,17,1,1771820863,1,1,1,1,0
7607,3,0,False,IN_SERVICE,,14,1,1771820931,1,1,1,3,0
7608,1,0,False,IN_SERVICE,,23,3,1771820861,1,1,1,1,0
7609,3,0,False,IN_SERVICE,,22,2,1771820965,1,1,1,3,0
7610,7,0,False,IN_SERVICE,,8,0,1771820879,1,1,1,7,0
7611,6,0,False,IN_SERVICE,,13,0,1771820862,1,1,1,6,0
7612,1,0,False,IN_SERVICE,,18,0,1771820843,1,1,1,1,0
7613,1,0,False,IN_SERVICE,,18,0,1771820866,1,1,1,1,0
7614,4,0,False,IN_SERVICE,,18,1,1771820845,1,1,1,4,0
7615,1,0,False,IN_SERVICE,,13,5,1771760026,1,1,1,1,0
7616,0,0,False,IN_SERVICE,,16,3,1771820904,1,1,1,0,0
7617,4,0,False,IN_SERVICE,,12,3,1771820907,1,1,1,4,0
7618,0,0,False,IN_SERVICE,,18,1,1771820892,1,1,1,0,0
7619,0,0,False,IN_SERVICE,,13,2,1771820844,1,1,1,0,0
7620,15,0,False,IN_SERVICE,,15,1,1771820887,1,1,1,14,1
7622,15,0,False,IN_SERVICE,,8,0,1771820964,1,1,1,15,0
7623,3,0,False,IN_SERVICE,,14,2,1771820961,1,1,1,3,0
7624,1,1,False,IN_SERVICE,,9,0,1771820839,1,1,1,1,0
7625,5,0,False,IN_SERVICE,,16,1,1771820910,1,1,1,4,1
7626,8,0,False,IN_SERVICE,,17,0,1771820938,1,1,1,8,0
7627,0,0,False,IN_SERVICE,,14,1,1771820884,1,1,1,0,0
7629,10,0,False,IN_SERVICE,,4,1,1771820868,1,1,1,10,0
7630,12,0,False,IN_SERVICE,,9,1,1771820862,1,1,1,12,0
7631,14,0,False,IN_SERVICE,,0,1,1771820921,1,1,1,14,0
7632,0,0,False,IN_SERVICE,,16,1,1771820850,1,1,1,0,0
7633,13,0,False,IN_SERVICE,,2,0,1771820884,1,1,1,13,0
7635,0,0,False,IN_SERVICE,,13,2,1771820949,1,1,1,0,0
7636,2,0,False,IN_SERVICE,,20,1,1771820952,1,1,1,2,0
7637,0,0,False,IN_SERVICE,,18,1,1771820888,1,1,1,0,0
7639,5,0,False,IN_SERVICE,,10,1,1771820963,1,1,1,5,0
7640,2,0,False,IN_SERVICE,,11,2,1771820864,1,1,1,2,0
7641,3,0,False,IN_SERVICE,,11,1,1771820928,1,1,1,3,0
7642,4,0,False,IN_SERVICE,,13,2,1771820893,1,1,1,4,0
7643,0,0,False,IN_SERVICE,,19,0,1771820873,1,1,1,0,0
7644,7,0,False,IN_SERVICE,,8,0,1771820954,1,1,1,7,0
7645,2,0,False,IN_SERVICE,,11,3,1771820962,1,1,1,2,0
7646,13,0,False,IN_SERVICE,,1,0,1771820940,1,1,1,13,0
7647,17,0,False,IN_SERVICE,,0,0,1771820946,1,1,1,17,0
7650,0,0,False,IN_SERVICE,,20,3,1771820851,1,1,1,0,0
7654,0,0,False,IN_SERVICE,,6,1,1771820915,1,1,1,0,0
7655,0,0,False,IN_SERVICE,,14,1,1771820936,1,1,1,0,0
7656,0,0,False,IN_SERVICE,,11,0,1771820852,1,1,1,0,0
7657,18,0,True,IN_SERVICE,,1,1,1771820891,1,1,1,18,0
7658,7,0,False,IN_SERVICE,,18,2,1771820896,1,1,1,7,0
7659,10,0,False,IN_SERVICE,,7,1,1771820894,1,1,1,10,0
7660,28,0,False,IN_SERVICE,,9,2,1771820914,1,1,1,28,0
7662,1,0,False,IN_SERVICE,,17,1,1771820857,1,1,1,1,0
7663,1,0,False,IN_SERVICE,,16,0,1771820838,1,1,1,1,0
7664,2,0,False,IN_SERVICE,,12,1,1771820876,1,1,1,2,0
7665,5,0,False,IN_SERVICE,,6,0,1771820857,1,1,1,5,0
7666,4,0,False,IN_SERVICE,,19,3,1771820915,1,1,1,4,0
7667,6,0,False,IN_SERVICE,,26,2,1771820897,1,1,1,6,0
7668,1,1,True,IN_SERVICE,,17,1,1771820887,1,1,1,1,0
7671,1,0,False,IN_SERVICE,,10,1,1771820905,1,1,1,0,1
7675,8,0,False,IN_SERVICE,,6,1,1771820864,1,1,1,8,0
7676,10,0,False,IN_SERVICE,,5,1,1771820955,1,1,1,10,0
7677,1,0,False,IN_SERVICE,,12,2,1771820897,1,1,1,1,0
7678,0,0,False,IN_SERVICE,,16,0,1771820924,1,1,1,0,0
7679,4,0,False,IN_SERVICE,,10,1,1771820902,1,1,1,4,0
7680,11,0,False,IN_SERVICE,,6,2,1771820932,1,1,1,11,0
7681,11,0,True,IN_SERVICE,,12,0,1771820866,1,1,1,11,0
7682,2,0,False,IN_SERVICE,,32,1,1771820875,1,1,1,2,0
7684,21,0,False,IN_SERVICE,,0,0,1771820933,1,1,1,21,0
7685,16,0,False,IN_SERVICE,,6,0,1771820934,1,1,1,16,0
7686,13,0,False,IN_SERVICE,,2,0,1771820928,1,1,1,13,0
7687,1,0,False,IN_SERVICE,,9,1,1771820878,1,1,1,1,0
7688,9,0,False,IN_SERVICE,,5,1,1771820855,1,1,1,9,0
7691,2,0,False,IN_SERVICE,,16,1,1771820865,1,1,1,2,0
7692,19,1,True,IN_SERVICE,,5,0,1771820881,1,1,1,19,0
7693,5,0,False,IN_SERVICE,,18,0,1771820888,1,1,1,5,0
7694,3,0,False,IN_SERVICE,,13,3,1771820949,1,1,1,3,0
7695,15,0,False,IN_SERVICE,,4,0,1771820896,1,1,1,15,0
7696,4,0,False,IN_SERVICE,,13,2,1771820893,1,1,1,4,0
7698,7,0,False,IN_SERVICE,,6,0,1771820960,1,1,1,7,0
7699,0,0,False,IN_SERVICE,,12,3,1771820885,1,1,1,0,0
7700,1,1,False,IN_SERVICE,,13,0,1771820902,1,1,1,1,0
7701,4,0,False,IN_SERVICE,,14,1,1771820851,1,1,1,4,0
7702,8,1,True,IN_SERVICE,,9,0,1771820865,1,1,1,8,0
7703,9,0,False,IN_SERVICE,,10,0,1771820885,1,1,1,9,0
7704,2,0,False,IN_SERVICE,,17,0,1771820873,1,1,1,2,0
7705,18,0,False,IN_SERVICE,,1,0,1771820900,1,1,1,18,0
7706,20,0,False,IN_SERVICE,,6,1,1771820933,1,1,1,20,0
7707,18,0,False,IN_SERVICE,,1,0,1771820941,1,1,1,17,1
7708,0,0,True,IN_SERVICE,,25,3,1771820934,1,1,1,0,0
7709,9,0,False,IN_SERVICE,,14,0,1771820959,1,1,1,9,0
7710,3,0,True,IN_SERVICE,,15,0,1771820921,1,1,1,3,0
7711,2,0,False,IN_SERVICE,,13,0,1771820949,1,1,1,1,1
7712,16,0,False,IN_SERVICE,,6,1,1771820885,1,1,1,16,0
7713,7,1,False,IN_SERVICE,,15,0,1771820935,1,1,1,7,0
7715,3,0,False,IN_SERVICE,,8,0,1771820948,1,1,1,3,0
7716,19,0,False,IN_SERVICE,,0,0,1771820859,1,1,1,19,0
7717,7,0,False,IN_SERVICE,,4,0,1771820962,1,1,1,7,0
7718,1,1,False,IN_SERVICE,,9,0,1771820844,1,1,1,1,0
7719,8,0,False,IN_SERVICE,,11,0,1771820883,1,1,1,8,0
7720,18,2,False,IN_SERVICE,,11,1,1771820909,1,1,1,18,0
7721,1,0,False,IN_SERVICE,,9,1,1771820937,1,1,1,0,1
7724,4,0,False,IN_SERVICE,,9,2,1771820864,1,1,1,3,1
7728,2,0,False,IN_SERVICE,,15,2,1771820842,1,1,1,2,0
7729,4,1,True,IN_SERVICE,,39,1,1771820867,1,1,1,4,0
7730,0,0,True,IN_SERVICE,,42,1,1771820854,1,1,1,0,0
7731,5,0,False,IN_SERVICE,,10,0,1771820858,1,1,1,5,0
7732,2,0,False,IN_SERVICE,,12,0,1771820888,1,1,1,2,0
7733,1,0,False,IN_SERVICE,,13,1,1771820947,1,1,1,1,0
7734,1,0,False,IN_SERVICE,,14,0,1771820917,1,1,1,1,0
7735,1,0,False,IN_SERVICE,,13,1,1771820844,1,1,1,1,0
7736,2,0,False,IN_SERVICE,,12,1,1771820896,1,1,1,2,0
7737,5,0,False,IN_SERVICE,,8,1,1771820922,1,1,1,5,0
7738,2,0,False,IN_SERVICE,,12,1,1771820887,1,1,1,2,0
7739,1,0,False,IN_SERVICE,,14,0,1771820841,1,1,1,1,0
7740,1,0,False,IN_SERVICE,,13,1,1771820893,1,1,1,1,0
7741,6,0,False,IN_SERVICE,,7,2,1771820839,1,1,1,6,0
7742,0,0,False,IN_SERVICE,,19,0,1771820869,1,1,1,0,0
7743,1,0,False,IN_SERVICE,,18,0,1771820930,1,1,1,1,0
7744,0,0,False,IN_SERVICE,,23,0,1771820857,1,1,1,0,0
7745,0,0,False,IN_SERVICE,,15,0,1771820902,1,1,1,0,0
7746,0,0,False,IN_SERVICE,,18,1,1771820885,1,1,1,0,0
7747,0,0,False,IN_SERVICE,,15,0,1771820855,1,1,1,0,0
7748,1,0,False,IN_SERVICE,,18,0,1771820848,1,1,1,1,0
7749,6,0,False,IN_SERVICE,,8,1,1771820954,1,1,1,6,0
7750,5,0,False,IN_SERVICE,,9,1,1771820932,1,1,1,5,0
7751,1,0,False,IN_SERVICE,,12,2,1771820891,1,1,1,1,0
7752,22,0,False,IN_SERVICE,,1,0,1771820923,1,1,1,22,0
7753,13,1,False,IN_SERVICE,,0,1,1771820939,1,1,1,13,0
7754,1,0,False,IN_SERVICE,,13,0,1771820887,1,1,1,1,0
7755,8,0,False,IN_SERVICE,,6,1,1771820907,1,1,1,8,0
7756,1,0,False,IN_SERVICE,,18,0,1771820890,1,1,1,1,0
7757,15,1,True,IN_SERVICE,,2,1,1771820964,1,1,1,15,0
7758,2,0,False,IN_SERVICE,,16,1,1771820877,1,1,1,2,0
7759,1,0,False,IN_SERVICE,,12,2,1771820915,1,1,1,1,0
7760,6,0,False,IN_SERVICE,,17,0,1771820872,1,1,1,6,0
7761,9,0,False,IN_SERVICE,,1,2,1771820852,1,1,1,9,0
7762,1,0,False,IN_SERVICE,,12,1,1771820902,1,1,1,1,0
7765,1,0,False,IN_SERVICE,,13,1,1771820839,1,1,1,1,0
7766,10,0,False,IN_SERVICE,,5,0,1771820945,1,1,1,10,0
7767,0,0,False,IN_SERVICE,,11,0,1771820861,1,1,1,0,0
7768,8,0,False,IN_SERVICE,,5,0,1771820855,1,1,1,8,0
7769,8,0,False,IN_SERVICE,,7,0,1771820889,1,1,1,8,0
7770,18,0,False,IN_SERVICE,,5,0,1771820942,1,1,1,18,0
7771,0,0,False,IN_SERVICE,,10,1,1771820854,1,1,1,0,0
7772,6,0,False,IN_SERVICE,,8,1,1771820954,1,1,1,6,0
7773,2,0,False,IN_SERVICE,,8,4,1771820878,1,1,1,2,0
7774,4,0,False,IN_SERVICE,,8,3,1771820891,1,1,1,4,0
7775,0,0,False,IN_SERVICE,,9,2,1771820960,1,1,1,0,0
7776,7,0,False,IN_SERVICE,,12,0,1771820914,1,1,1,7,0
7777,0,2,False,IN_SERVICE,,12,1,1771820897,1,1,1,0,0
7778,2,0,False,IN_SERVICE,,8,1,1771820848,1,1,1,2,0
7779,2,0,False,IN_SERVICE,,13,0,1771820899,1,1,1,2,0
7780,2,0,False,IN_SERVICE,,13,1,1771820897,1,1,1,0,2
7781,4,0,False,IN_SERVICE,,10,1,1771820845,1,1,1,4,0
7782,0,0,False,IN_SERVICE,,17,3,1771820876,1,1,1,0,0
7783,0,0,False,IN_SERVICE,,19,1,1771820876,1,1,1,0,0
7784,0,0,False,IN_SERVICE,,19,1,1771820952,1,1,1,0,0
7785,0,0,False,IN_SERVICE,,16,0,1771820934,1,1,1,0,0
7787,28,0,False,IN_SERVICE,,2,1,1771820952,1,1,1,28,0
7788,22,0,False,IN_SERVICE,,0,0,1771820859,1,1,1,22,0
7790,16,0,False,IN_SERVICE,,1,0,1771820902,1,1,1,15,1
7791,13,0,False,IN_SERVICE,,1,0,1771820880,1,1,1,13,0
7792,7,0,False,IN_SERVICE,,8,0,1771820958,1,1,1,7,0
7794,15,0,False,IN_SERVICE,,1,0,0,1,1,1,15,0
7796,4,1,False,IN_SERVICE,,13,1,1771820873,1,1,1,4,0
7798,9,0,False,IN_SERVICE,,6,0,1771820904,1,1,1,8,1
7799,2,0,False,IN_SERVICE,,13,0,1771820896,1,1,1,2,0
7800,1,0,False,IN_SERVICE,,17,1,1771820856,1,1,1,1,0
7801,1,0,False,IN_SERVICE,,13,1,1771820844,1,1,1,1,0
7802,2,0,False,IN_SERVICE,,10,0,1771820916,1,1,1,2,0
7803,10,0,False,IN_SERVICE,,9,0,1771820894,1,1,1,7,3
7804,8,0,False,IN_SERVICE,,3,0,1771820962,1,1,1,8,0
7805,1,0,False,IN_SERVICE,,18,0,1771820915,1,1,1,1,0
7806,3,0,False,IN_SERVICE,,11,1,1771820941,1,1,1,3,0
7807,1,0,False,IN_SERVICE,,14,0,1771820864,1,1,1,1,0
7808,0,0,False,IN_SERVICE,,14,0,1771820861,1,1,1,0,0
7809,1,0,False,IN_SERVICE,,17,1,1771820855,1,1,1,1,0
7810,1,0,False,IN_SERVICE,,14,0,1771820920,1,1,1,1,0
7811,1,0,False,IN_SERVICE,,17,1,1771820842,1,1,1,1,0
7812,6,0,False,IN_SERVICE,,11,1,1771820940,1,1,1,6,0
7813,0,0,False,IN_SERVICE,,23,0,1771820885,1,1,1,0,0
7814,1,0,False,IN_SERVICE,,14,0,1771820845,1,1,1,1,0
7815,3,0,False,IN_SERVICE,,12,0,1771820947,1,1,1,3,0
7816,27,0,False,IN_SERVICE,,28,0,1771820914,1,1,1,27,0
7817,2,1,False,IN_SERVICE,,12,0,1771820909,1,1,1,2,0
7818,2,0,False,IN_SERVICE,,17,0,1771820931,1,1,1,2,0
7819,0,0,False,IN_SERVICE,,15,0,1771820903,1,1,1,0,0
7820,5,0,True,IN_SERVICE,,8,1,1771820862,1,1,1,5,0
7821,18,0,False,IN_SERVICE,,2,0,1771820954,1,1,1,18,0
7822,14,0,False,IN_SERVICE,,5,0,1771820870,1,1,1,14,0
7824,11,0,False,IN_SERVICE,,8,0,1771820963,1,1,1,11,0
7825,3,0,False,IN_SERVICE,,11,0,1771820869,1,1,1,3,0
7826,9,0,False,IN_SERVICE,,4,1,1771820958,1,1,1,8,1
7827,3,0,False,IN_SERVICE,,10,2,1771820887,1,1,1,3,0
7828,4,0,False,IN_SERVICE,,7,0,1771820865,1,1,1,4,0
7830,2,0,False,IN_SERVICE,,12,0,1771820916,1,1,1,2,0
7831,2,0,False,IN_SERVICE,,17,0,1771820952,1,1,1,2,0
7832,6,0,False,IN_SERVICE,,11,2,1771820943,1,1,1,6,0
7833,0,0,False,IN_SERVICE,,14,1,1771820944,1,1,1,0,0
7834,0,0,False,IN_SERVICE,,15,0,1771820923,1,1,1,0,0
7835,0,0,False,IN_SERVICE,,18,1,1771820897,1,1,1,0,0
7836,0,0,False,IN_SERVICE,,18,1,1771820938,1,1,1,0,0
7837,4,0,False,IN_SERVICE,,15,0,1771820914,1,1,1,4,0
7838,8,0,False,IN_SERVICE,,8,2,1771820879,1,1,1,8,0
7839,7,0,False,IN_SERVICE,,4,0,1771820963,1,1,1,7,0
7840,5,0,False,IN_SERVICE,,9,0,1771820846,1,1,1,5,0
7841,0,0,False,IN_SERVICE,,15,0,1771820842,1,1,1,0,0
7842,8,0,False,IN_SERVICE,,2,1,1771820890,1,1,1,8,0
7843,10,0,False,IN_SERVICE,,5,0,1771820877,1,1,1,10,0
7844,5,0,False,IN_SERVICE,,10,0,1771820891,1,1,1,5,0
7845,7,0,False,IN_SERVICE,,8,0,1771820947,1,1,1,7,0
7846,6,0,False,IN_SERVICE,,9,0,1771820861,1,1,1,6,0
7848,7,0,False,IN_SERVICE,,15,1,1771820942,1,1,1,7,0
7849,0,0,False,IN_SERVICE,,15,0,1771820871,1,1,1,0,0
7850,7,0,False,IN_SERVICE,,9,0,1771820854,1,1,1,7,0
7851,2,0,False,IN_SERVICE,,13,0,1771820887,1,1,1,2,0
7852,2,0,False,IN_SERVICE,,21,0,1771820844,1,1,1,2,0
7853,6,1,False,IN_SERVICE,,8,0,1771820901,1,1,1,6,0
7854,1,0,False,IN_SERVICE,,17,1,1771820950,1,1,1,1,0
7855,4,0,False,IN_SERVICE,,11,0,1771820864,1,1,1,4,0
7856,2,0,False,IN_SERVICE,,11,1,1771820929,1,1,1,2,0
7857,0,0,False,IN_SERVICE,,18,0,1771820935,1,1,1,0,0
7858,1,0,False,IN_SERVICE,,21,1,1771820936,1,1,1,1,0
7859,0,0,False,IN_SERVICE,,15,0,1771820855,1,1,1,0,0
7860,2,0,False,IN_SERVICE,,13,0,1771820846,1,1,1,2,0
7861,6,0,False,IN_SERVICE,,13,0,1771820868,1,1,1,6,0
7862,2,0,False,IN_SERVICE,,12,1,1771820846,1,1,1,2,0
7863,3,0,False,IN_SERVICE,,12,0,1771820851,1,1,1,3,0
7864,0,0,False,IN_SERVICE,,14,1,1771820911,1,1,1,0,0
7865,0,0,True,IN_SERVICE,,42,1,1771820854,1,1,1,0,0
7866,2,1,True,IN_SERVICE,,18,2,1771820848,1,1,1,2,0
7867,1,0,True,IN_SERVICE,,14,0,1771820919,1,1,1,1,0
7868,0,0,False,IN_SERVICE,,19,0,1771820937,1,1,1,0,0
7869,0,0,False,IN_SERVICE,,15,0,1771820960,1,1,1,0,0
7870,1,0,False,IN_SERVICE,,13,1,1771820925,1,1,1,1,0
7871,7,0,False,IN_SERVICE,,7,0,1771820914,1,1,1,7,0
7872,5,0,False,IN_SERVICE,,10,0,1771820837,1,1,1,5,0
7874,0,0,False,IN_SERVICE,,15,0,1771820912,1,1,1,0,0
7875,4,0,False,IN_SERVICE,,11,0,1771820875,1,1,1,4,0
7877,8,0,False,IN_SERVICE,,7,0,1771820886,1,1,1,8,0
7878,2,0,False,IN_SERVICE,,13,0,1771820858,1,1,1,2,0
7880,7,0,False,IN_SERVICE,,8,0,1771820943,1,1,1,7,0
7881,14,0,False,IN_SERVICE,,13,0,1771820912,1,1,1,14,0
7883,2,0,False,IN_SERVICE,,9,0,1771820881,1,1,1,2,0
7884,2,0,False,IN_SERVICE,,13,0,1771820939,1,1,1,2,0
7885,4,0,False,IN_SERVICE,,6,1,1771820954,1,1,1,4,0
7887,1,0,True,IN_SERVICE,,41,1,1771820954,1,1,1,1,0
7888,8,0,False,IN_SERVICE,,7,0,1771820853,1,1,1,8,0
7889,1,0,False,IN_SERVICE,,17,1,1771820847,1,1,1,1,0
7890,1,0,False,IN_SERVICE,,21,1,1771820868,1,1,1,1,0
7891,3,0,False,IN_SERVICE,,16,0,1771820953,1,1,1,3,0
7892,0,0,False,IN_SERVICE,,13,1,1771820940,1,1,1,0,0
7893,5,0,False,IN_SERVICE,,14,0,1771820875,1,1,1,5,0
7894,0,0,False,IN_SERVICE,,15,0,1771820862,1,1,1,0,0
7895,0,0,False,IN_SERVICE,,13,2,1771820869,1,1,1,0,0
7896,0,0,False,IN_SERVICE,,14,1,1771820851,1,1,1,0,0
7897,11,0,False,IN_SERVICE,,2,0,1771820882,1,1,1,11,0
7898,1,1,False,IN_SERVICE,,13,1,1771820948,1,1,1,1,0
7899,1,0,False,IN_SERVICE,,20,1,1771820906,1,1,1,1,0
7900,8,0,False,IN_SERVICE,,3,0,1771820964,1,1,1,8,0
7901,0,0,False,IN_SERVICE,,11,0,1771820847,1,1,1,0,0
7902,3,0,False,IN_SERVICE,,12,0,1771820849,1,1,1,3,0
7903,3,0,False,IN_SERVICE,,12,0,1771820910,1,1,1,3,0
7904,0,0,False,IN_SERVICE,,10,1,1771820860,1,1,1,0,0
7906,14,0,False,IN_SERVICE,,0,0,1771820891,1,1,1,14,0
7907,5,1,True,IN_SERVICE,,34,1,1771820926,1,1,1,5,0
7909,3,0,False,IN_SERVICE,,20,0,1771820951,1,1,1,3,0
7910,1,0,False,IN_SERVICE,,14,0,1771820864,1,1,1,1,0
7911,5,0,False,IN_SERVICE,,13,0,1771820880,1,1,1,5,0
7912,11,0,False,IN_SERVICE,,7,1,1771820954,1,1,1,11,0
7913,1,0,False,IN_SERVICE,,33,1,1771820845,1,1,1,0,1
7914,4,0,False,IN_SERVICE,,22,1,1771820858,1,1,1,4,0
7915,4,0,False,IN_SERVICE,,10,1,1771820840,1,1,1,4,0
7916,16,0,False,IN_SERVICE,,1,2,1771820903,1,1,1,16,0
7917,26,0,False,IN_SERVICE,,10,1,1771820930,1,1,1,26,0
7918,1,0,False,IN_SERVICE,,13,0,1771820931,1,1,1,1,0
7919,1,0,False,IN_SERVICE,,17,0,1771820916,1,1,1,1,0
7920,3,0,False,IN_SERVICE,,12,0,1771820858,1,1,1,3,0
7922,0,0,True,IN_SERVICE,,23,0,1771820958,1,1,1,0,0
7923,13,0,False,IN_SERVICE,,6,0,1771820965,1,1,1,13,0
7924,10,0,False,IN_SERVICE,,2,0,1771820858,1,1,1,10,0
7925,2,1,False,IN_SERVICE,,21,0,1771820902,1,1,1,2,0
7926,0,0,False,IN_SERVICE,,23,1,1771820948,1,1,1,0,0
7927,5,0,False,IN_SERVICE,,18,0,1771820883,1,1,1,5,0
7928,50,0,False,IN_SERVICE,,21,3,1771820963,1,1,1,50,0
7929,8,0,False,IN_SERVICE,,4,0,1771820951,1,1,1,8,0
7930,1,0,False,IN_SERVICE,,14,0,1771820928,1,1,1,1,0
7931,3,0,False,IN_SERVICE,,13,0,1771820875,1,1,1,3,0
7932,4,0,False,IN_SERVICE,,7,0,1771820909,1,1,1,4,0
7933,8,0,False,IN_SERVICE,,15,0,1771820853,1,1,1,8,0
7934,1,0,True,IN_SERVICE,,10,0,1771820887,1,1,1,1,0
7935,7,0,False,IN_SERVICE,,7,1,1771820839,1,1,1,7,0
7936,2,0,False,IN_SERVICE,,13,0,1771820934,1,1,1,2,0
7937,2,0,False,IN_SERVICE,,17,0,1771820895,1,1,1,2,0
7938,11,0,False,IN_SERVICE,,4,0,1771820963,1,1,1,11,0
7939,7,0,False,IN_SERVICE,,10,0,1771820909,1,1,1,7,0
7940,2,0,False,IN_SERVICE,,30,0,1771820873,1,1,1,2,0
7941,13,0,False,IN_SERVICE,,2,0,1771820949,1,1,1,13,0
7942,11,0,False,IN_SERVICE,,4,0,1771820925,1,1,1,11,0
7943,20,0,False,IN_SERVICE,,3,0,1771820845,1,1,1,20,0
7944,4,0,False,IN_SERVICE,,19,0,1771820863,1,1,1,4,0
7945,18,0,False,IN_SERVICE,,13,0,1771820934,1,1,1,18,0
7946,11,1,False,IN_SERVICE,,3,0,1771820847,1,1,1,11,0
7947,4,0,False,IN_SERVICE,,7,0,1771820937,1,1,1,4,0
7948,23,0,False,IN_SERVICE,,0,0,1771820900,1,1,1,23,0
7949,9,0,False,IN_SERVICE,,6,0,1771820946,1,1,1,9,0
7950,17,0,False,IN_SERVICE,,5,1,1771820885,1,1,1,17,0
7951,3,0,False,IN_SERVICE,,16,0,1771820941,1,1,1,3,0
7952,12,0,False,IN_SERVICE,,6,1,1771820940,1,1,1,12,0
7953,4,0,False,IN_SERVICE,,10,0,1771820919,1,1,1,3,1
7954,23,0,False,IN_SERVICE,,0,0,1771820884,1,1,1,23,0
7955,8,0,False,IN_SERVICE,,15,0,1771820879,1,1,1,8,0
7956,1,0,False,IN_SERVICE,,9,1,1771820903,1,1,1,1,0
7957,2,0,False,IN_SERVICE,,17,0,1771820938,1,1,1,2,0
7958,1,0,False,IN_SERVICE,,18,0,1771820874,1,1,1,1,0
7959,2,0,False,IN_SERVICE,,13,0,1771820910,1,1,1,2,0
7960,7,0,False,IN_SERVICE,,12,0,1771820926,1,1,1,7,0
7961,1,0,False,IN_SERVICE,,14,0,1771820893,1,1,1,1,0
7962,6,0,False,IN_SERVICE,,9,0,1771820881,1,1,1,6,0
7963,6,0,False,IN_SERVICE,,4,1,1771820942,1,1,1,6,0
7964,1,0,False,IN_SERVICE,,14,0,1771820903,1,1,1,1,0
7965,1,0,False,IN_SERVICE,,16,1,1771820865,1,1,1,1,0
7966,1,1,False,IN_SERVICE,,12,1,1771820855,1,1,1,1,0
7967,7,0,False,IN_SERVICE,,8,0,1771820863,1,1,1,7,0
7968,4,0,False,IN_SERVICE,,14,1,1771820861,1,1,1,4,0
7969,2,0,False,IN_SERVICE,,17,0,1771820924,1,1,1,2,0
7970,5,0,False,IN_SERVICE,,14,0,1771820866,1,1,1,5,0
7971,3,0,False,IN_SERVICE,,11,1,1771820958,1,1,1,3,0
7972,3,0,False,IN_SERVICE,,8,0,1771820910,1,1,1,3,0
7973,1,0,False,IN_SERVICE,,18,0,1771820854,1,1,1,1,0
7974,1,0,False,IN_SERVICE,,18,0,1771820948,1,1,1,1,0
7975,0,0,False,IN_SERVICE,,19,0,1771820870,1,1,1,0,0
7976,1,0,False,IN_SERVICE,,17,1,1771820929,1,1,1,1,0
7977,3,0,False,IN_SERVICE,,12,0,1771820837,1,1,1,3,0
7978,0,0,False,IN_SERVICE,,23,0,1771820940,1,1,1,0,0
7979,0,0,False,IN_SERVICE,,19,0,1771820928,1,1,1,0,0
7981,4,0,False,IN_SERVICE,,11,0,1771820839,1,1,1,4,0
7982,0,0,False,IN_SERVICE,,18,1,1771820845,1,1,1,0,0
7983,2,0,False,IN_SERVICE,,11,1,1771820902,1,1,1,2,0
7984,19,0,False,IN_SERVICE,,1,1,1771820869,1,1,1,19,0
7985,4,0,False,IN_SERVICE,,10,1,1771820838,1,1,1,4,0
7986,7,0,False,IN_SERVICE,,12,0,1771820944,1,1,1,7,0
7987,3,0,False,IN_SERVICE,,12,0,1771820940,1,1,1,3,0
7988,1,0,False,IN_SERVICE,,18,0,1771820886,1,1,1,1,0
7989,8,0,False,IN_SERVICE,,7,0,1771820887,1,1,1,8,0
7990,1,0,False,IN_SERVICE,,10,0,1771820954,1,1,1,1,0
7991,1,0,False,IN_SERVICE,,14,0,1771820851,1,1,1,1,0
7992,2,0,False,IN_SERVICE,,8,0,1771820890,1,1,1,2,0
7993,5,0,False,IN_SERVICE,,8,2,1771820840,1,1,1,5,0
7994,5,0,False,IN_SERVICE,,6,0,1771820901,1,1,1,5,0
7995,3,0,False,IN_SERVICE,,12,0,1771820879,1,1,1,3,0
7996,0,0,True,IN_SERVICE,,22,0,1771820903,1,1,1,0,0
7997,0,0,True,IN_SERVICE,,38,0,1771820926,1,1,1,0,0
7998,0,0,False,IN_SERVICE,,19,0,1771820877,1,1,1,0,0
7999,0,0,False,IN_SERVICE,,14,1,1771820919,1,1,1,0,0
8000,2,0,True,IN_SERVICE,,29,0,1771820887,1,1,1,2,0
8001,15,0,False,IN_SERVICE,,1,0,1771820917,1,1,1,15,0
8002,0,0,False,IN_SERVICE,,15,0,1771820963,1,1,1,0,0
8003,6,0,False,IN_SERVICE,,5,0,1771820954,1,1,1,6,0
8004,0,0,True,IN_SERVICE,,11,0,1771820926,1,1,1,0,0
8005,1,0,True,IN_SERVICE,,8,2,1771820917,1,1,1,1,0
8006,6,0,True,IN_SERVICE,,17,0,1771820901,1,1,1,6,0
8007,1,0,True,IN_SERVICE,,28,0,1771820964,1,1,1,1,0
8008,4,0,False,IN_SERVICE,,12,0,1771820917,1,1,1,4,0
8009,0,0,True,IN_SERVICE,,39,0,1771820902,1,1,1,0,0
8010,0,0,False,IN_SERVICE,,15,4,1771820912,1,1,1,0,0
8011,10,1,True,IN_SERVICE,,20,0,1771820922,1,1,1,10,0
8012,6,1,True,IN_SERVICE,,12,0,1771820846,1,1,1,6,0
8013,8,0,False,IN_SERVICE,,4,0,1771820857,1,1,1,4,4
8014,4,0,False,IN_SERVICE,,18,0,1771820839,1,1,1,4,0
8015,0,0,False,IN_SERVICE,,11,0,1771820862,1,1,1,0,0
8016,19,0,False,IN_SERVICE,,3,0,1771820887,1,1,1,19,0
8017,5,0,False,IN_SERVICE,,10,0,1771820856,1,1,1,5,0
8018,9,0,False,IN_SERVICE,,6,1,1771820862,1,1,1,9,0
8020,2,0,False,IN_SERVICE,,7,0,1771820922,1,1,1,2,0
8021,0,0,False,IN_SERVICE,,18,1,1771820910,1,1,1,0,0
8022,4,0,False,IN_SERVICE,,7,0,1771820894,1,1,1,4,0
8023,5,1,False,IN_SERVICE,,5,0,1771820900,1,1,1,4,1
8025,11,0,False,IN_SERVICE,,0,0,1771820931,1,1,1,11,0
8026,21,0,False,IN_SERVICE,,2,0,1771820885,1,1,1,21,0
8031,1,0,False,IN_SERVICE,,14,0,1771820879,1,1,1,1,0
8032,6,0,False,IN_SERVICE,,8,1,1771820888,1,1,1,6,0
8033,1,0,False,IN_SERVICE,,18,0,1771820922,1,1,1,1,0
8034,15,0,False,IN_SERVICE,,0,0,1771820946,1,1,1,15,0
8035,1,0,False,IN_SERVICE,,18,0,1771820947,1,1,1,1,0
8036,3,0,False,IN_SERVICE,,13,3,1771820918,1,1,1,3,0
8037,1,0,False,IN_SERVICE,,14,0,1771820877,1,1,1,1,0
8038,3,0,False,IN_SERVICE,,8,0,1771820845,1,1,1,3,0
8039,0,0,False,IN_SERVICE,,19,0,1771820904,1,1,1,0,0
8040,0,0,False,IN_SERVICE,,23,0,1771820939,1,1,1,0,0
8041,5,0,False,IN_SERVICE,,6,0,1771820872,1,1,1,5,0
8042,0,0,False,IN_SERVICE,,19,0,1771820953,1,1,1,0,0
8043,1,0,False,IN_SERVICE,,13,1,1771820928,1,1,1,1,0
8044,4,0,False,IN_SERVICE,,7,0,1771820887,1,1,1,4,0
8045,3,0,False,IN_SERVICE,,11,1,1771820917,1,1,1,3,0
8046,1,0,False,IN_SERVICE,,10,0,1771820931,1,1,1,1,0
8047,4,0,False,IN_SERVICE,,7,0,1771820875,1,1,1,4,0
8048,1,0,False,IN_SERVICE,,13,1,1771820893,1,1,1,1,0
8049,9,0,False,IN_SERVICE,,10,0,1771820879,1,1,1,9,0
8050,0,0,False,IN_SERVICE,,23,0,1771820913,1,1,1,0,0
8051,0,0,False,IN_SERVICE,,12,0,1771820901,1,1,1,0,0
8052,2,0,False,IN_SERVICE,,8,0,1771820870,1,1,1,2,0
8053,2,0,False,IN_SERVICE,,15,0,1771820922,1,1,1,2,0
8054,2,0,False,IN_SERVICE,,17,0,1771820877,1,1,1,2,0
8055,1,0,False,IN_SERVICE,,10,0,1771820866,1,1,1,1,0
8056,1,0,False,IN_SERVICE,,17,0,1771820845,1,1,1,1,0
8057,5,0,False,IN_SERVICE,,13,1,1771820866,1,1,1,5,0
8058,4,0,False,IN_SERVICE,,15,0,1771820915,1,1,1,4,0
8059,2,0,False,IN_SERVICE,,9,0,1771820851,1,1,1,2,0
8060,2,0,False,IN_SERVICE,,13,0,1771820867,1,1,1,2,0
8061,2,0,False,IN_SERVICE,,9,0,1771820952,1,1,1,2,0
8062,9,0,False,IN_SERVICE,,13,1,1771820907,1,1,1,9,0
8063,1,0,False,IN_SERVICE,,10,0,1771820892,1,1,1,1,0
8064,3,0,False,IN_SERVICE,,8,0,1771820893,1,1,1,3,0
8065,1,0,False,IN_SERVICE,,10,0,1771820903,1,1,1,1,0
8066,1,0,False,IN_SERVICE,,13,1,1771820930,1,1,1,1,0
8073,6,0,False,IN_SERVICE,,9,0,1771820936,1,1,1,6,0
8074,1,0,False,IN_SERVICE,,10,0,1771820931,1,1,1,1,0
8075,19,0,False,IN_SERVICE,,0,0,1771820934,1,1,1,19,0
8076,2,0,False,IN_SERVICE,,9,0,1771820854,1,1,1,2,0
8077,2,0,False,IN_SERVICE,,9,0,1771820956,1,1,1,2,0
8078,4,0,False,IN_SERVICE,,10,1,1771820908,1,1,1,4,0
8079,1,0,False,IN_SERVICE,,10,0,1771820918,1,1,1,1,0
8080,2,0,False,IN_SERVICE,,13,0,1771820845,1,1,1,2,0
8081,4,0,False,IN_SERVICE,,7,0,1771820946,1,1,1,4,0
8082,10,0,False,IN_SERVICE,,5,0,1771820867,1,1,1,10,0
8083,3,0,False,IN_SERVICE,,7,1,1771820923,1,1,1,3,0
8084,5,0,False,IN_SERVICE,,8,2,1771820879,1,1,1,5,0
8085,0,0,False,IN_SERVICE,,11,0,1771820869,1,1,1,0,0
8086,1,0,False,IN_SERVICE,,14,0,1771820934,1,1,1,1,0
8087,19,0,False,IN_SERVICE,,0,0,1771820919,1,1,1,19,0
8088,1,0,False,IN_SERVICE,,10,0,1771820956,1,1,1,1,0
8089,2,0,False,IN_SERVICE,,13,0,1771820922,1,1,1,2,0
8090,1,0,False,IN_SERVICE,,14,0,1771820890,1,1,1,1,0
8091,8,0,False,IN_SERVICE,,2,1,1771820946,1,1,1,8,0
8092,7,0,False,IN_SERVICE,,7,1,1771820850,1,1,1,7,0
8093,6,0,False,IN_SERVICE,,9,0,1771820863,1,1,1,6,0
8094,0,0,False,IN_SERVICE,,19,0,1771820889,1,1,1,0,0
8095,4,0,False,IN_SERVICE,,6,1,1771820946,1,1,1,4,0
8096,4,0,False,IN_SERVICE,,16,0,1771820934,1,1,1,4,0
8099,3,0,False,IN_SERVICE,,8,0,1771820869,1,1,1,3,0
8101,3,0,False,IN_SERVICE,,12,0,1771820873,1,1,1,3,0
8102,4,0,False,IN_SERVICE,,11,0,1771820894,1,1,1,4,0
8104,2,0,False,IN_SERVICE,,13,0,1771820860,1,1,1,2,0
8105,3,0,False,IN_SERVICE,,12,0,1771820910,1,1,1,3,0
8106,4,0,False,IN_SERVICE,,7,0,1771820911,1,1,1,4,0
8107,1,0,False,IN_SERVICE,,14,0,1771820845,1,1,1,1,0
8108,4,0,False,IN_SERVICE,,11,0,1771820932,1,1,1,4,0
8109,1,0,False,IN_SERVICE,,10,0,1771820852,1,1,1,1,0
8110,4,0,False,IN_SERVICE,,11,0,1771820921,1,1,1,4,0
8111,3,0,False,IN_SERVICE,,8,0,1771820857,1,1,1,3,0
8112,7,0,False,IN_SERVICE,,4,0,1771820854,1,1,1,7,0
8113,8,0,False,IN_SERVICE,,14,1,1771820952,1,1,1,8,0
8114,3,0,False,IN_SERVICE,,8,0,1771820938,1,1,1,3,0
8115,1,0,False,IN_SERVICE,,10,0,1771820908,1,1,1,1,0
8117,1,0,False,IN_SERVICE,,14,0,1771820838,1,1,1,1,0
8118,0,0,False,IN_SERVICE,,18,2,1771820895,1,1,1,0,0
8119,3,0,False,IN_SERVICE,,8,0,1771820860,1,1,1,3,0
8120,1,0,False,IN_SERVICE,,9,1,1771820839,1,1,1,1,0
8122,3,0,False,IN_SERVICE,,12,0,1771820934,1,1,1,3,0
8123,9,0,False,IN_SERVICE,,2,0,1771820948,1,1,1,9,0
8125,4,0,False,IN_SERVICE,,11,0,1771820936,1,1,1,4,0
8128,4,0,False,IN_SERVICE,,7,0,1771820844,1,1,1,4,0
8129,1,0,False,IN_SERVICE,,10,0,1771820859,1,1,1,1,0
8130,5,1,False,IN_SERVICE,,5,0,1771820844,1,1,1,5,0
8131,0,0,False,IN_SERVICE,,11,0,1771820868,1,1,1,0,0
8133,3,0,False,IN_SERVICE,,12,0,1771820876,1,1,1,3,0
8134,1,0,False,IN_SERVICE,,10,0,1771820961,1,1,1,1,0
8137,1,0,False,IN_SERVICE,,29,1,1771820851,1,1,1,1,0
8138,3,0,False,IN_SERVICE,,20,0,1771820867,1,1,1,3,0
8139,5,0,False,IN_SERVICE,,6,0,1771820896,1,1,1,5,0
8141,5,0,False,IN_SERVICE,,6,0,1771820876,1,1,1,5,0
8142,2,0,False,IN_SERVICE,,8,1,1771820851,1,1,1,2,0
8144,2,0,False,IN_SERVICE,,9,0,1771820921,1,1,1,2,0
8146,10,0,False,IN_SERVICE,,0,1,1771820872,1,1,1,10,0
8147,1,0,False,IN_SERVICE,,7,0,0,1,1,1,1,0
8148,3,0,False,IN_SERVICE,,1,0,0,1,1,1,3,0
8149,4,0,False,IN_SERVICE,,7,0,1771820888,1,1,1,4,0
8150,0,0,False,IN_SERVICE,,11,0,1771820858,1,1,1,0,0
8151,3,0,False,IN_SERVICE,,8,0,1771820870,1,1,1,3,0
8152,3,0,False,IN_SERVICE,,12,1,1771820905,1,1,1,3,0
8153,1,0,False,IN_SERVICE,,17,1,1771820884,1,1,1,1,0
8154,1,0,False,IN_SERVICE,,9,1,1771820874,1,1,1,1,0
8155,3,0,False,IN_SERVICE,,12,0,1771820845,1,1,1,3,0
8156,4,0,False,IN_SERVICE,,7,0,1771820901,1,1,1,4,0
8157,1,0,False,IN_SERVICE,,14,0,1771820944,1,1,1,1,0
8158,2,0,False,IN_SERVICE,,9,0,1771820853,1,1,1,2,0
8159,4,0,False,IN_SERVICE,,11,0,1771820911,1,1,1,4,0
8160,1,0,False,IN_SERVICE,,14,0,1771820885,1,1,1,1,0
8161,1,0,False,IN_SERVICE,,14,0,1771820840,1,1,1,1,0
8162,1,0,False,IN_SERVICE,,24,2,1771820890,1,1,1,1,0
8163,2,0,False,IN_SERVICE,,21,0,1771820884,1,1,1,2,0
8164,8,0,False,IN_SERVICE,,11,0,1771820964,1,1,1,8,0
8165,1,0,False,IN_SERVICE,,10,0,1771820879,1,1,1,1,0
8166,2,0,False,IN_SERVICE,,8,1,1771820920,1,1,1,2,0
8167,4,0,False,IN_SERVICE,,11,0,1771820962,1,1,1,4,0
8168,8,0,False,IN_SERVICE,,2,1,1771820870,1,1,1,8,0
8169,5,0,False,IN_SERVICE,,9,0,1771820947,1,1,1,5,0
8170,10,0,False,IN_SERVICE,,5,0,1771820887,1,1,1,10,0
8171,1,0,False,IN_SERVICE,,22,0,1771820904,1,1,1,1,0
8172,6,0,False,IN_SERVICE,,16,1,1771820862,1,1,1,6,0
8173,5,0,False,IN_SERVICE,,10,0,1771820940,1,1,1,5,0
8174,18,0,False,IN_SERVICE,,5,0,1771820852,1,1,1,18,0
8175,8,0,False,IN_SERVICE,,15,0,1771820880,1,1,1,8,0
8176,0,0,True,IN_SERVICE,,39,0,1771820882,1,1,1,0,0
8177,3,0,False,IN_SERVICE,,8,0,1771820889,1,1,1,3,0
8178,3,0,False,IN_SERVICE,,20,0,1771820907,1,1,1,3,0
8179,5,0,False,IN_SERVICE,,6,0,1771820884,1,1,1,5,0
8180,14,0,False,IN_SERVICE,,1,0,1771820923,1,1,1,14,0
8181,10,0,False,IN_SERVICE,,21,0,1771820871,1,1,1,10,0
8182,12,0,False,IN_SERVICE,,10,1,1771820908,1,1,1,12,0
8183,7,0,False,IN_SERVICE,,16,0,1771820841,1,1,1,6,1
8184,6,0,False,IN_SERVICE,,8,1,1771820885,1,1,1,6,0
8185,1,0,False,IN_SERVICE,,10,0,1771820964,1,1,1,1,0
8188,2,0,False,IN_SERVICE,,21,0,1771820880,1,1,1,2,0
8189,0,0,False,IN_SERVICE,,15,0,1771820888,1,1,1,0,0
8190,6,0,False,IN_SERVICE,,19,2,1771820923,1,1,1,6,0
8202,2,0,False,IN_SERVICE,,17,0,1771820844,1,1,1,2,0
8203,0,0,False,IN_SERVICE,,11,0,1771820880,1,1,1,0,0
8205,1,0,False,IN_SERVICE,,13,1,1771820935,1,1,1,1,0
8207,1,0,False,IN_SERVICE,,7,0,1771820962,1,1,1,1,0
8210,0,0,False,IN_SERVICE,,11,0,1771820839,1,1,1,0,0
8215,3,0,False,IN_SERVICE,,14,0,1771820943,1,1,1,3,0
8216,1,0,False,IN_SERVICE,,13,0,1771820884,1,1,1,1,0
